entry	dir	varList	csList	varFilterCol	varScoreType	varFilterThreshold	varCtrlThreshold	knownGenes
IBD	/oak/stanford/groups/akundaje/projects/ABC_links/GWAS_test/Test_data/Huang2017-IBD/CredibleSets/	/oak/stanford/groups/akundaje/projects/ABC_links/GWAS_test/Test_data/Huang2017-IBD/CredibleSets/IBDCombined.set1-2.variant.list.txt	/oak/stanford/groups/akundaje/projects/ABC_links/GWAS_test/Test_data/Huang2017-IBD/CredibleSets/IBDCombined.set1-2.cs.txt	PosteriorProb	PP	0.1	0.01	/oak/stanford/groups/engreitz/Projects/GWAS/210208_Benchmarking/data/GeneLists.IBD.txt
CD	/oak/stanford/groups/akundaje/kmualim/ABC-MAX-pipeline/data/data/Huang2017-IBD/CredibleSets/	/oak/stanford/groups/akundaje/projects/ABC_links/GWAS_test/Test_data/Huang2017-IBD/CredibleSets/IBD-CD.set1-2.variant.list.txt	/oak/stanford/groups/akundaje/projects/ABC_links/GWAS_test/Test_data/Huang2017-IBD/CredibleSets/IBD-CD.set1-2.cs.txt	PosteriorProb	PP	0.1	0.01	
UC	/oak/stanford/groups/akundaje/kmualim/ABC-MAX-pipeline/data/data/Huang2017-IBD/CredibleSets/	/oak/stanford/groups/akundaje/projects/ABC_links/GWAS_test/Test_data/Huang2017-IBD/CredibleSets/IBD-UC.set1-2.variant.list.txt	/oak/stanford/groups/akundaje/projects/ABC_links/GWAS_test/Test_data/Huang2017-IBD/CredibleSets/IBD-UC.set1-2.cs.txt	PosteriorProb	PP	0.1	0.01	
LDLC	/oak/stanford/groups/akundaje/kmualim/ABC-MAX-pipeline/data/data/191010_UKBB_SUSIE/CredibleSetsFixed/LDLC/	/oak/stanford/groups/akundaje/kmualim/ABC-MAX-pipeline/data/data/191010_UKBB_SUSIE/CredibleSetsFixed/LDLC/variant.list.txt	/oak/stanford/groups/akundaje/kmualim/ABC-MAX-pipeline/data/data/191010_UKBB_SUSIE/CredibleSetsFixed/LDLC/all.cs.txt	PosteriorProb	PP	0.1	0.01	
HDLC	/oak/stanford/groups/akundaje/kmualim/ABC-MAX-pipeline/data/data/191010_UKBB_SUSIE/CredibleSetsFixed/HDLC/	/oak/stanford/groups/akundaje/kmualim/ABC-MAX-pipeline/data/data/191010_UKBB_SUSIE/CredibleSetsFixed/HDLC/variant.list.txt	/oak/stanford/groups/akundaje/kmualim/ABC-MAX-pipeline/data/data/191010_UKBB_SUSIE/CredibleSetsFixed/HDLC/all.cs.txt	PosteriorProb	PP	0.1	0.01	
TG	/oak/stanford/groups/akundaje/kmualim/ABC-MAX-pipeline/data/data/191010_UKBB_SUSIE/CredibleSetsFixed/TG/	/oak/stanford/groups/akundaje/kmualim/ABC-MAX-pipeline/data/data/191010_UKBB_SUSIE/CredibleSetsFixed/TG/variant.list.txt	/oak/stanford/groups/akundaje/kmualim/ABC-MAX-pipeline/data/data/191010_UKBB_SUSIE/CredibleSetsFixed/TG/all.cs.txt	PosteriorProb	PP	0.1	0.01	
AFib	/oak/stanford/groups/akundaje/kmualim/ABC-MAX-pipeline/data/data/191010_UKBB_SUSIE/CredibleSetsFixed/AFib/	/oak/stanford/groups/akundaje/kmualim/ABC-MAX-pipeline/data/data/191010_UKBB_SUSIE/CredibleSetsFixed/AFib/variant.list.txt	/oak/stanford/groups/akundaje/kmualim/ABC-MAX-pipeline/data/data/191010_UKBB_SUSIE/CredibleSetsFixed/AFib/all.cs.txt	PosteriorProb	PP	0.1	0.01	
AG	/oak/stanford/groups/akundaje/kmualim/ABC-MAX-pipeline/data/data/191010_UKBB_SUSIE/CredibleSetsFixed/AG/	/oak/stanford/groups/akundaje/kmualim/ABC-MAX-pipeline/data/data/191010_UKBB_SUSIE/CredibleSetsFixed/AG/variant.list.txt	/oak/stanford/groups/akundaje/kmualim/ABC-MAX-pipeline/data/data/191010_UKBB_SUSIE/CredibleSetsFixed/AG/all.cs.txt	PosteriorProb	PP	0.1	0.01	
Age_at_Menarche	/oak/stanford/groups/akundaje/kmualim/ABC-MAX-pipeline/data/data/191010_UKBB_SUSIE/CredibleSetsFixed/Age_at_Menarche/	/oak/stanford/groups/akundaje/kmualim/ABC-MAX-pipeline/data/data/191010_UKBB_SUSIE/CredibleSetsFixed/Age_at_Menarche/variant.list.txt	/oak/stanford/groups/akundaje/kmualim/ABC-MAX-pipeline/data/data/191010_UKBB_SUSIE/CredibleSetsFixed/Age_at_Menarche/all.cs.txt	PosteriorProb	PP	0.1	0.01	
Age_at_Menopause	/oak/stanford/groups/akundaje/kmualim/ABC-MAX-pipeline/data/data/191010_UKBB_SUSIE/CredibleSetsFixed/Age_at_Menopause/	/oak/stanford/groups/akundaje/kmualim/ABC-MAX-pipeline/data/data/191010_UKBB_SUSIE/CredibleSetsFixed/Age_at_Menopause/variant.list.txt	/oak/stanford/groups/akundaje/kmualim/ABC-MAX-pipeline/data/data/191010_UKBB_SUSIE/CredibleSetsFixed/Age_at_Menopause/all.cs.txt	PosteriorProb	PP	0.1	0.01	
AID_Combined	/oak/stanford/groups/akundaje/kmualim/ABC-MAX-pipeline/data/data/191010_UKBB_SUSIE/CredibleSetsFixed/AID_Combined/	/oak/stanford/groups/akundaje/kmualim/ABC-MAX-pipeline/data/data/191010_UKBB_SUSIE/CredibleSetsFixed/AID_Combined/variant.list.txt	/oak/stanford/groups/akundaje/kmualim/ABC-MAX-pipeline/data/data/191010_UKBB_SUSIE/CredibleSetsFixed/AID_Combined/all.cs.txt	PosteriorProb	PP	0.1	0.01	
Alb	/oak/stanford/groups/akundaje/kmualim/ABC-MAX-pipeline/data/data/191010_UKBB_SUSIE/CredibleSetsFixed/Alb/	/oak/stanford/groups/akundaje/kmualim/ABC-MAX-pipeline/data/data/191010_UKBB_SUSIE/CredibleSetsFixed/Alb/variant.list.txt	/oak/stanford/groups/akundaje/kmualim/ABC-MAX-pipeline/data/data/191010_UKBB_SUSIE/CredibleSetsFixed/Alb/all.cs.txt	PosteriorProb	PP	0.1	0.01	
ALP	/oak/stanford/groups/akundaje/kmualim/ABC-MAX-pipeline/data/data/191010_UKBB_SUSIE/CredibleSetsFixed/ALP/	/oak/stanford/groups/akundaje/kmualim/ABC-MAX-pipeline/data/data/191010_UKBB_SUSIE/CredibleSetsFixed/ALP/variant.list.txt	/oak/stanford/groups/akundaje/kmualim/ABC-MAX-pipeline/data/data/191010_UKBB_SUSIE/CredibleSetsFixed/ALP/all.cs.txt	PosteriorProb	PP	0.1	0.01	
ALT	/oak/stanford/groups/akundaje/kmualim/ABC-MAX-pipeline/data/data/191010_UKBB_SUSIE/CredibleSetsFixed/ALT/	/oak/stanford/groups/akundaje/kmualim/ABC-MAX-pipeline/data/data/191010_UKBB_SUSIE/CredibleSetsFixed/ALT/variant.list.txt	/oak/stanford/groups/akundaje/kmualim/ABC-MAX-pipeline/data/data/191010_UKBB_SUSIE/CredibleSetsFixed/ALT/all.cs.txt	PosteriorProb	PP	0.1	0.01	
Alzheimer_LTFH	/oak/stanford/groups/akundaje/kmualim/ABC-MAX-pipeline/data/data/191010_UKBB_SUSIE/CredibleSetsFixed/Alzheimer_LTFH/	/oak/stanford/groups/akundaje/kmualim/ABC-MAX-pipeline/data/data/191010_UKBB_SUSIE/CredibleSetsFixed/Alzheimer_LTFH/variant.list.txt	/oak/stanford/groups/akundaje/kmualim/ABC-MAX-pipeline/data/data/191010_UKBB_SUSIE/CredibleSetsFixed/Alzheimer_LTFH/all.cs.txt	PosteriorProb	PP	0.1	0.01	
ApoA	/oak/stanford/groups/akundaje/kmualim/ABC-MAX-pipeline/data/data/191010_UKBB_SUSIE/CredibleSetsFixed/ApoA/	/oak/stanford/groups/akundaje/kmualim/ABC-MAX-pipeline/data/data/191010_UKBB_SUSIE/CredibleSetsFixed/ApoA/variant.list.txt	/oak/stanford/groups/akundaje/kmualim/ABC-MAX-pipeline/data/data/191010_UKBB_SUSIE/CredibleSetsFixed/ApoA/all.cs.txt	PosteriorProb	PP	0.1	0.01	
ApoB	/oak/stanford/groups/akundaje/kmualim/ABC-MAX-pipeline/data/data/191010_UKBB_SUSIE/CredibleSetsFixed/ApoB/	/oak/stanford/groups/akundaje/kmualim/ABC-MAX-pipeline/data/data/191010_UKBB_SUSIE/CredibleSetsFixed/ApoB/variant.list.txt	/oak/stanford/groups/akundaje/kmualim/ABC-MAX-pipeline/data/data/191010_UKBB_SUSIE/CredibleSetsFixed/ApoB/all.cs.txt	PosteriorProb	PP	0.1	0.01	
AST	/oak/stanford/groups/akundaje/kmualim/ABC-MAX-pipeline/data/data/191010_UKBB_SUSIE/CredibleSetsFixed/AST/	/oak/stanford/groups/akundaje/kmualim/ABC-MAX-pipeline/data/data/191010_UKBB_SUSIE/CredibleSetsFixed/AST/variant.list.txt	/oak/stanford/groups/akundaje/kmualim/ABC-MAX-pipeline/data/data/191010_UKBB_SUSIE/CredibleSetsFixed/AST/all.cs.txt	PosteriorProb	PP	0.1	0.01	
Asthma	/oak/stanford/groups/akundaje/kmualim/ABC-MAX-pipeline/data/data/191010_UKBB_SUSIE/CredibleSetsFixed/Asthma/	/oak/stanford/groups/akundaje/kmualim/ABC-MAX-pipeline/data/data/191010_UKBB_SUSIE/CredibleSetsFixed/Asthma/variant.list.txt	/oak/stanford/groups/akundaje/kmualim/ABC-MAX-pipeline/data/data/191010_UKBB_SUSIE/CredibleSetsFixed/Asthma/all.cs.txt	PosteriorProb	PP	0.1	0.01	
Balding_Type4	/oak/stanford/groups/akundaje/kmualim/ABC-MAX-pipeline/data/data/191010_UKBB_SUSIE/CredibleSetsFixed/Balding_Type4/	/oak/stanford/groups/akundaje/kmualim/ABC-MAX-pipeline/data/data/191010_UKBB_SUSIE/CredibleSetsFixed/Balding_Type4/variant.list.txt	/oak/stanford/groups/akundaje/kmualim/ABC-MAX-pipeline/data/data/191010_UKBB_SUSIE/CredibleSetsFixed/Balding_Type4/all.cs.txt	PosteriorProb	PP	0.1	0.01	
Baso	/oak/stanford/groups/akundaje/kmualim/ABC-MAX-pipeline/data/data/191010_UKBB_SUSIE/CredibleSetsFixed/Baso/	/oak/stanford/groups/akundaje/kmualim/ABC-MAX-pipeline/data/data/191010_UKBB_SUSIE/CredibleSetsFixed/Baso/variant.list.txt	/oak/stanford/groups/akundaje/kmualim/ABC-MAX-pipeline/data/data/191010_UKBB_SUSIE/CredibleSetsFixed/Baso/all.cs.txt	PosteriorProb	PP	0.1	0.01	
BFP	/oak/stanford/groups/akundaje/kmualim/ABC-MAX-pipeline/data/data/191010_UKBB_SUSIE/CredibleSetsFixed/BFP/	/oak/stanford/groups/akundaje/kmualim/ABC-MAX-pipeline/data/data/191010_UKBB_SUSIE/CredibleSetsFixed/BFP/variant.list.txt	/oak/stanford/groups/akundaje/kmualim/ABC-MAX-pipeline/data/data/191010_UKBB_SUSIE/CredibleSetsFixed/BFP/all.cs.txt	PosteriorProb	PP	0.1	0.01	
Blood_Clot_Lung	/oak/stanford/groups/akundaje/kmualim/ABC-MAX-pipeline/data/data/191010_UKBB_SUSIE/CredibleSetsFixed/Blood_Clot_Lung/	/oak/stanford/groups/akundaje/kmualim/ABC-MAX-pipeline/data/data/191010_UKBB_SUSIE/CredibleSetsFixed/Blood_Clot_Lung/variant.list.txt	/oak/stanford/groups/akundaje/kmualim/ABC-MAX-pipeline/data/data/191010_UKBB_SUSIE/CredibleSetsFixed/Blood_Clot_Lung/all.cs.txt	PosteriorProb	PP	0.1	0.01	
BMI	/oak/stanford/groups/akundaje/kmualim/ABC-MAX-pipeline/data/data/191010_UKBB_SUSIE/CredibleSetsFixed/BMI/	/oak/stanford/groups/akundaje/kmualim/ABC-MAX-pipeline/data/data/191010_UKBB_SUSIE/CredibleSetsFixed/BMI/variant.list.txt	/oak/stanford/groups/akundaje/kmualim/ABC-MAX-pipeline/data/data/191010_UKBB_SUSIE/CredibleSetsFixed/BMI/all.cs.txt	PosteriorProb	PP	0.1	0.01	
BrC	/oak/stanford/groups/akundaje/kmualim/ABC-MAX-pipeline/data/data/191010_UKBB_SUSIE/CredibleSetsFixed/BrC/	/oak/stanford/groups/akundaje/kmualim/ABC-MAX-pipeline/data/data/191010_UKBB_SUSIE/CredibleSetsFixed/BrC/variant.list.txt	/oak/stanford/groups/akundaje/kmualim/ABC-MAX-pipeline/data/data/191010_UKBB_SUSIE/CredibleSetsFixed/BrC/all.cs.txt	PosteriorProb	PP	0.1	0.01	
BW	/oak/stanford/groups/akundaje/kmualim/ABC-MAX-pipeline/data/data/191010_UKBB_SUSIE/CredibleSetsFixed/BW/	/oak/stanford/groups/akundaje/kmualim/ABC-MAX-pipeline/data/data/191010_UKBB_SUSIE/CredibleSetsFixed/BW/variant.list.txt	/oak/stanford/groups/akundaje/kmualim/ABC-MAX-pipeline/data/data/191010_UKBB_SUSIE/CredibleSetsFixed/BW/all.cs.txt	PosteriorProb	PP	0.1	0.01	
Ca	/oak/stanford/groups/akundaje/kmualim/ABC-MAX-pipeline/data/data/191010_UKBB_SUSIE/CredibleSetsFixed/Ca/	/oak/stanford/groups/akundaje/kmualim/ABC-MAX-pipeline/data/data/191010_UKBB_SUSIE/CredibleSetsFixed/Ca/variant.list.txt	/oak/stanford/groups/akundaje/kmualim/ABC-MAX-pipeline/data/data/191010_UKBB_SUSIE/CredibleSetsFixed/Ca/all.cs.txt	PosteriorProb	PP	0.1	0.01	
CAD	/oak/stanford/groups/akundaje/kmualim/ABC-MAX-pipeline/data/data/191010_UKBB_SUSIE/CredibleSetsFixed/CAD/	/oak/stanford/groups/akundaje/kmualim/ABC-MAX-pipeline/data/data/191010_UKBB_SUSIE/CredibleSetsFixed/CAD/variant.list.txt	/oak/stanford/groups/akundaje/kmualim/ABC-MAX-pipeline/data/data/191010_UKBB_SUSIE/CredibleSetsFixed/CAD/all.cs.txt	PosteriorProb	PP	0.1	0.01	
Cholelithiasis	/oak/stanford/groups/akundaje/kmualim/ABC-MAX-pipeline/data/data/191010_UKBB_SUSIE/CredibleSetsFixed/Cholelithiasis/	/oak/stanford/groups/akundaje/kmualim/ABC-MAX-pipeline/data/data/191010_UKBB_SUSIE/CredibleSetsFixed/Cholelithiasis/variant.list.txt	/oak/stanford/groups/akundaje/kmualim/ABC-MAX-pipeline/data/data/191010_UKBB_SUSIE/CredibleSetsFixed/Cholelithiasis/all.cs.txt	PosteriorProb	PP	0.1	0.01	
CRC	/oak/stanford/groups/akundaje/kmualim/ABC-MAX-pipeline/data/data/191010_UKBB_SUSIE/CredibleSetsFixed/CRC/	/oak/stanford/groups/akundaje/kmualim/ABC-MAX-pipeline/data/data/191010_UKBB_SUSIE/CredibleSetsFixed/CRC/variant.list.txt	/oak/stanford/groups/akundaje/kmualim/ABC-MAX-pipeline/data/data/191010_UKBB_SUSIE/CredibleSetsFixed/CRC/all.cs.txt	PosteriorProb	PP	0.1	0.01	
CRP	/oak/stanford/groups/akundaje/kmualim/ABC-MAX-pipeline/data/data/191010_UKBB_SUSIE/CredibleSetsFixed/CRP/	/oak/stanford/groups/akundaje/kmualim/ABC-MAX-pipeline/data/data/191010_UKBB_SUSIE/CredibleSetsFixed/CRP/variant.list.txt	/oak/stanford/groups/akundaje/kmualim/ABC-MAX-pipeline/data/data/191010_UKBB_SUSIE/CredibleSetsFixed/CRP/all.cs.txt	PosteriorProb	PP	0.1	0.01	
DBP	/oak/stanford/groups/akundaje/kmualim/ABC-MAX-pipeline/data/data/191010_UKBB_SUSIE/CredibleSetsFixed/DBP/	/oak/stanford/groups/akundaje/kmualim/ABC-MAX-pipeline/data/data/191010_UKBB_SUSIE/CredibleSetsFixed/DBP/variant.list.txt	/oak/stanford/groups/akundaje/kmualim/ABC-MAX-pipeline/data/data/191010_UKBB_SUSIE/CredibleSetsFixed/DBP/all.cs.txt	PosteriorProb	PP	0.1	0.01	
Depression_GP	/oak/stanford/groups/akundaje/kmualim/ABC-MAX-pipeline/data/data/191010_UKBB_SUSIE/CredibleSetsFixed/Depression_GP/	/oak/stanford/groups/akundaje/kmualim/ABC-MAX-pipeline/data/data/191010_UKBB_SUSIE/CredibleSetsFixed/Depression_GP/variant.list.txt	/oak/stanford/groups/akundaje/kmualim/ABC-MAX-pipeline/data/data/191010_UKBB_SUSIE/CredibleSetsFixed/Depression_GP/all.cs.txt	PosteriorProb	PP	0.1	0.01	
DVT	/oak/stanford/groups/akundaje/kmualim/ABC-MAX-pipeline/data/data/191010_UKBB_SUSIE/CredibleSetsFixed/DVT/	/oak/stanford/groups/akundaje/kmualim/ABC-MAX-pipeline/data/data/191010_UKBB_SUSIE/CredibleSetsFixed/DVT/variant.list.txt	/oak/stanford/groups/akundaje/kmualim/ABC-MAX-pipeline/data/data/191010_UKBB_SUSIE/CredibleSetsFixed/DVT/all.cs.txt	PosteriorProb	PP	0.1	0.01	
eBMD	/oak/stanford/groups/akundaje/kmualim/ABC-MAX-pipeline/data/data/191010_UKBB_SUSIE/CredibleSetsFixed/eBMD/	/oak/stanford/groups/akundaje/kmualim/ABC-MAX-pipeline/data/data/191010_UKBB_SUSIE/CredibleSetsFixed/eBMD/variant.list.txt	/oak/stanford/groups/akundaje/kmualim/ABC-MAX-pipeline/data/data/191010_UKBB_SUSIE/CredibleSetsFixed/eBMD/all.cs.txt	PosteriorProb	PP	0.1	0.01	
eGFR	/oak/stanford/groups/akundaje/kmualim/ABC-MAX-pipeline/data/data/191010_UKBB_SUSIE/CredibleSetsFixed/eGFR/	/oak/stanford/groups/akundaje/kmualim/ABC-MAX-pipeline/data/data/191010_UKBB_SUSIE/CredibleSetsFixed/eGFR/variant.list.txt	/oak/stanford/groups/akundaje/kmualim/ABC-MAX-pipeline/data/data/191010_UKBB_SUSIE/CredibleSetsFixed/eGFR/all.cs.txt	PosteriorProb	PP	0.1	0.01	
eGFRcys	/oak/stanford/groups/akundaje/kmualim/ABC-MAX-pipeline/data/data/191010_UKBB_SUSIE/CredibleSetsFixed/eGFRcys/	/oak/stanford/groups/akundaje/kmualim/ABC-MAX-pipeline/data/data/191010_UKBB_SUSIE/CredibleSetsFixed/eGFRcys/variant.list.txt	/oak/stanford/groups/akundaje/kmualim/ABC-MAX-pipeline/data/data/191010_UKBB_SUSIE/CredibleSetsFixed/eGFRcys/all.cs.txt	PosteriorProb	PP	0.1	0.01	
Eosino	/oak/stanford/groups/akundaje/kmualim/ABC-MAX-pipeline/data/data/191010_UKBB_SUSIE/CredibleSetsFixed/Eosino/	/oak/stanford/groups/akundaje/kmualim/ABC-MAX-pipeline/data/data/191010_UKBB_SUSIE/CredibleSetsFixed/Eosino/variant.list.txt	/oak/stanford/groups/akundaje/kmualim/ABC-MAX-pipeline/data/data/191010_UKBB_SUSIE/CredibleSetsFixed/Eosino/all.cs.txt	PosteriorProb	PP	0.1	0.01	
FedUp_Feelings	/oak/stanford/groups/akundaje/kmualim/ABC-MAX-pipeline/data/data/191010_UKBB_SUSIE/CredibleSetsFixed/FedUp_Feelings/	/oak/stanford/groups/akundaje/kmualim/ABC-MAX-pipeline/data/data/191010_UKBB_SUSIE/CredibleSetsFixed/FedUp_Feelings/variant.list.txt	/oak/stanford/groups/akundaje/kmualim/ABC-MAX-pipeline/data/data/191010_UKBB_SUSIE/CredibleSetsFixed/FedUp_Feelings/all.cs.txt	PosteriorProb	PP	0.1	0.01	
FEV1FVC	/oak/stanford/groups/akundaje/kmualim/ABC-MAX-pipeline/data/data/191010_UKBB_SUSIE/CredibleSetsFixed/FEV1FVC/	/oak/stanford/groups/akundaje/kmualim/ABC-MAX-pipeline/data/data/191010_UKBB_SUSIE/CredibleSetsFixed/FEV1FVC/variant.list.txt	/oak/stanford/groups/akundaje/kmualim/ABC-MAX-pipeline/data/data/191010_UKBB_SUSIE/CredibleSetsFixed/FEV1FVC/all.cs.txt	PosteriorProb	PP	0.1	0.01	
Fibroblastic_Disorders	/oak/stanford/groups/akundaje/kmualim/ABC-MAX-pipeline/data/data/191010_UKBB_SUSIE/CredibleSetsFixed/Fibroblastic_Disorders/	/oak/stanford/groups/akundaje/kmualim/ABC-MAX-pipeline/data/data/191010_UKBB_SUSIE/CredibleSetsFixed/Fibroblastic_Disorders/variant.list.txt	/oak/stanford/groups/akundaje/kmualim/ABC-MAX-pipeline/data/data/191010_UKBB_SUSIE/CredibleSetsFixed/Fibroblastic_Disorders/all.cs.txt	PosteriorProb	PP	0.1	0.01	
GGT	/oak/stanford/groups/akundaje/kmualim/ABC-MAX-pipeline/data/data/191010_UKBB_SUSIE/CredibleSetsFixed/GGT/	/oak/stanford/groups/akundaje/kmualim/ABC-MAX-pipeline/data/data/191010_UKBB_SUSIE/CredibleSetsFixed/GGT/variant.list.txt	/oak/stanford/groups/akundaje/kmualim/ABC-MAX-pipeline/data/data/191010_UKBB_SUSIE/CredibleSetsFixed/GGT/all.cs.txt	PosteriorProb	PP	0.1	0.01	
Glaucoma_Combined	/oak/stanford/groups/akundaje/kmualim/ABC-MAX-pipeline/data/data/191010_UKBB_SUSIE/CredibleSetsFixed/Glaucoma_Combined/	/oak/stanford/groups/akundaje/kmualim/ABC-MAX-pipeline/data/data/191010_UKBB_SUSIE/CredibleSetsFixed/Glaucoma_Combined/variant.list.txt	/oak/stanford/groups/akundaje/kmualim/ABC-MAX-pipeline/data/data/191010_UKBB_SUSIE/CredibleSetsFixed/Glaucoma_Combined/all.cs.txt	PosteriorProb	PP	0.1	0.01	
Glucose	/oak/stanford/groups/akundaje/kmualim/ABC-MAX-pipeline/data/data/191010_UKBB_SUSIE/CredibleSetsFixed/Glucose/	/oak/stanford/groups/akundaje/kmualim/ABC-MAX-pipeline/data/data/191010_UKBB_SUSIE/CredibleSetsFixed/Glucose/variant.list.txt	/oak/stanford/groups/akundaje/kmualim/ABC-MAX-pipeline/data/data/191010_UKBB_SUSIE/CredibleSetsFixed/Glucose/all.cs.txt	PosteriorProb	PP	0.1	0.01	
Guilty_Feelings	/oak/stanford/groups/akundaje/kmualim/ABC-MAX-pipeline/data/data/191010_UKBB_SUSIE/CredibleSetsFixed/Guilty_Feelings/	/oak/stanford/groups/akundaje/kmualim/ABC-MAX-pipeline/data/data/191010_UKBB_SUSIE/CredibleSetsFixed/Guilty_Feelings/variant.list.txt	/oak/stanford/groups/akundaje/kmualim/ABC-MAX-pipeline/data/data/191010_UKBB_SUSIE/CredibleSetsFixed/Guilty_Feelings/all.cs.txt	PosteriorProb	PP	0.1	0.01	
Hb	/oak/stanford/groups/akundaje/kmualim/ABC-MAX-pipeline/data/data/191010_UKBB_SUSIE/CredibleSetsFixed/Hb/	/oak/stanford/groups/akundaje/kmualim/ABC-MAX-pipeline/data/data/191010_UKBB_SUSIE/CredibleSetsFixed/Hb/variant.list.txt	/oak/stanford/groups/akundaje/kmualim/ABC-MAX-pipeline/data/data/191010_UKBB_SUSIE/CredibleSetsFixed/Hb/all.cs.txt	PosteriorProb	PP	0.1	0.01	
HbA1c	/oak/stanford/groups/akundaje/kmualim/ABC-MAX-pipeline/data/data/191010_UKBB_SUSIE/CredibleSetsFixed/HbA1c/	/oak/stanford/groups/akundaje/kmualim/ABC-MAX-pipeline/data/data/191010_UKBB_SUSIE/CredibleSetsFixed/HbA1c/variant.list.txt	/oak/stanford/groups/akundaje/kmualim/ABC-MAX-pipeline/data/data/191010_UKBB_SUSIE/CredibleSetsFixed/HbA1c/all.cs.txt	PosteriorProb	PP	0.1	0.01	
Height	/oak/stanford/groups/akundaje/kmualim/ABC-MAX-pipeline/data/data/191010_UKBB_SUSIE/CredibleSetsFixed/Height/	/oak/stanford/groups/akundaje/kmualim/ABC-MAX-pipeline/data/data/191010_UKBB_SUSIE/CredibleSetsFixed/Height/variant.list.txt	/oak/stanford/groups/akundaje/kmualim/ABC-MAX-pipeline/data/data/191010_UKBB_SUSIE/CredibleSetsFixed/Height/all.cs.txt	PosteriorProb	PP	0.1	0.01	
Ht	/oak/stanford/groups/akundaje/kmualim/ABC-MAX-pipeline/data/data/191010_UKBB_SUSIE/CredibleSetsFixed/Ht/	/oak/stanford/groups/akundaje/kmualim/ABC-MAX-pipeline/data/data/191010_UKBB_SUSIE/CredibleSetsFixed/Ht/variant.list.txt	/oak/stanford/groups/akundaje/kmualim/ABC-MAX-pipeline/data/data/191010_UKBB_SUSIE/CredibleSetsFixed/Ht/all.cs.txt	PosteriorProb	PP	0.1	0.01	
Hypothyroidism	/oak/stanford/groups/akundaje/kmualim/ABC-MAX-pipeline/data/data/191010_UKBB_SUSIE/CredibleSetsFixed/Hypothyroidism/	/oak/stanford/groups/akundaje/kmualim/ABC-MAX-pipeline/data/data/191010_UKBB_SUSIE/CredibleSetsFixed/Hypothyroidism/variant.list.txt	/oak/stanford/groups/akundaje/kmualim/ABC-MAX-pipeline/data/data/191010_UKBB_SUSIE/CredibleSetsFixed/Hypothyroidism/all.cs.txt	PosteriorProb	PP	0.1	0.01	
IGF1	/oak/stanford/groups/akundaje/kmualim/ABC-MAX-pipeline/data/data/191010_UKBB_SUSIE/CredibleSetsFixed/IGF1/	/oak/stanford/groups/akundaje/kmualim/ABC-MAX-pipeline/data/data/191010_UKBB_SUSIE/CredibleSetsFixed/IGF1/variant.list.txt	/oak/stanford/groups/akundaje/kmualim/ABC-MAX-pipeline/data/data/191010_UKBB_SUSIE/CredibleSetsFixed/IGF1/all.cs.txt	PosteriorProb	PP	0.1	0.01	
Inguinal_Hernia	/oak/stanford/groups/akundaje/kmualim/ABC-MAX-pipeline/data/data/191010_UKBB_SUSIE/CredibleSetsFixed/Inguinal_Hernia/	/oak/stanford/groups/akundaje/kmualim/ABC-MAX-pipeline/data/data/191010_UKBB_SUSIE/CredibleSetsFixed/Inguinal_Hernia/variant.list.txt	/oak/stanford/groups/akundaje/kmualim/ABC-MAX-pipeline/data/data/191010_UKBB_SUSIE/CredibleSetsFixed/Inguinal_Hernia/all.cs.txt	PosteriorProb	PP	0.1	0.01	
Insomnia	/oak/stanford/groups/akundaje/kmualim/ABC-MAX-pipeline/data/data/191010_UKBB_SUSIE/CredibleSetsFixed/Insomnia/	/oak/stanford/groups/akundaje/kmualim/ABC-MAX-pipeline/data/data/191010_UKBB_SUSIE/CredibleSetsFixed/Insomnia/variant.list.txt	/oak/stanford/groups/akundaje/kmualim/ABC-MAX-pipeline/data/data/191010_UKBB_SUSIE/CredibleSetsFixed/Insomnia/all.cs.txt	PosteriorProb	PP	0.1	0.01	
Irritability	/oak/stanford/groups/akundaje/kmualim/ABC-MAX-pipeline/data/data/191010_UKBB_SUSIE/CredibleSetsFixed/Irritability/	/oak/stanford/groups/akundaje/kmualim/ABC-MAX-pipeline/data/data/191010_UKBB_SUSIE/CredibleSetsFixed/Irritability/variant.list.txt	/oak/stanford/groups/akundaje/kmualim/ABC-MAX-pipeline/data/data/191010_UKBB_SUSIE/CredibleSetsFixed/Irritability/all.cs.txt	PosteriorProb	PP	0.1	0.01	
LipoA	/oak/stanford/groups/akundaje/kmualim/ABC-MAX-pipeline/data/data/191010_UKBB_SUSIE/CredibleSetsFixed/LipoA/	/oak/stanford/groups/akundaje/kmualim/ABC-MAX-pipeline/data/data/191010_UKBB_SUSIE/CredibleSetsFixed/LipoA/variant.list.txt	/oak/stanford/groups/akundaje/kmualim/ABC-MAX-pipeline/data/data/191010_UKBB_SUSIE/CredibleSetsFixed/LipoA/all.cs.txt	PosteriorProb	PP	0.1	0.01	
Loneliness	/oak/stanford/groups/akundaje/kmualim/ABC-MAX-pipeline/data/data/191010_UKBB_SUSIE/CredibleSetsFixed/Loneliness/	/oak/stanford/groups/akundaje/kmualim/ABC-MAX-pipeline/data/data/191010_UKBB_SUSIE/CredibleSetsFixed/Loneliness/variant.list.txt	/oak/stanford/groups/akundaje/kmualim/ABC-MAX-pipeline/data/data/191010_UKBB_SUSIE/CredibleSetsFixed/Loneliness/all.cs.txt	PosteriorProb	PP	0.1	0.01	
LOY	/oak/stanford/groups/akundaje/kmualim/ABC-MAX-pipeline/data/data/191010_UKBB_SUSIE/CredibleSetsFixed/LOY/	/oak/stanford/groups/akundaje/kmualim/ABC-MAX-pipeline/data/data/191010_UKBB_SUSIE/CredibleSetsFixed/LOY/variant.list.txt	/oak/stanford/groups/akundaje/kmualim/ABC-MAX-pipeline/data/data/191010_UKBB_SUSIE/CredibleSetsFixed/LOY/all.cs.txt	PosteriorProb	PP	0.1	0.01	
Lym	/oak/stanford/groups/akundaje/kmualim/ABC-MAX-pipeline/data/data/191010_UKBB_SUSIE/CredibleSetsFixed/Lym/	/oak/stanford/groups/akundaje/kmualim/ABC-MAX-pipeline/data/data/191010_UKBB_SUSIE/CredibleSetsFixed/Lym/variant.list.txt	/oak/stanford/groups/akundaje/kmualim/ABC-MAX-pipeline/data/data/191010_UKBB_SUSIE/CredibleSetsFixed/Lym/all.cs.txt	PosteriorProb	PP	0.1	0.01	
MAP	/oak/stanford/groups/akundaje/kmualim/ABC-MAX-pipeline/data/data/191010_UKBB_SUSIE/CredibleSetsFixed/MAP/	/oak/stanford/groups/akundaje/kmualim/ABC-MAX-pipeline/data/data/191010_UKBB_SUSIE/CredibleSetsFixed/MAP/variant.list.txt	/oak/stanford/groups/akundaje/kmualim/ABC-MAX-pipeline/data/data/191010_UKBB_SUSIE/CredibleSetsFixed/MAP/all.cs.txt	PosteriorProb	PP	0.1	0.01	
MCH	/oak/stanford/groups/akundaje/kmualim/ABC-MAX-pipeline/data/data/191010_UKBB_SUSIE/CredibleSetsFixed/MCH/	/oak/stanford/groups/akundaje/kmualim/ABC-MAX-pipeline/data/data/191010_UKBB_SUSIE/CredibleSetsFixed/MCH/variant.list.txt	/oak/stanford/groups/akundaje/kmualim/ABC-MAX-pipeline/data/data/191010_UKBB_SUSIE/CredibleSetsFixed/MCH/all.cs.txt	PosteriorProb	PP	0.1	0.01	
MCHC	/oak/stanford/groups/akundaje/kmualim/ABC-MAX-pipeline/data/data/191010_UKBB_SUSIE/CredibleSetsFixed/MCHC/	/oak/stanford/groups/akundaje/kmualim/ABC-MAX-pipeline/data/data/191010_UKBB_SUSIE/CredibleSetsFixed/MCHC/variant.list.txt	/oak/stanford/groups/akundaje/kmualim/ABC-MAX-pipeline/data/data/191010_UKBB_SUSIE/CredibleSetsFixed/MCHC/all.cs.txt	PosteriorProb	PP	0.1	0.01	
MCP	/oak/stanford/groups/akundaje/kmualim/ABC-MAX-pipeline/data/data/191010_UKBB_SUSIE/CredibleSetsFixed/MCP/	/oak/stanford/groups/akundaje/kmualim/ABC-MAX-pipeline/data/data/191010_UKBB_SUSIE/CredibleSetsFixed/MCP/variant.list.txt	/oak/stanford/groups/akundaje/kmualim/ABC-MAX-pipeline/data/data/191010_UKBB_SUSIE/CredibleSetsFixed/MCP/all.cs.txt	PosteriorProb	PP	0.1	0.01	
MCV	/oak/stanford/groups/akundaje/kmualim/ABC-MAX-pipeline/data/data/191010_UKBB_SUSIE/CredibleSetsFixed/MCV/	/oak/stanford/groups/akundaje/kmualim/ABC-MAX-pipeline/data/data/191010_UKBB_SUSIE/CredibleSetsFixed/MCV/variant.list.txt	/oak/stanford/groups/akundaje/kmualim/ABC-MAX-pipeline/data/data/191010_UKBB_SUSIE/CredibleSetsFixed/MCV/all.cs.txt	PosteriorProb	PP	0.1	0.01	
Migraine_Self	/oak/stanford/groups/akundaje/kmualim/ABC-MAX-pipeline/data/data/191010_UKBB_SUSIE/CredibleSetsFixed/Migraine_Self/	/oak/stanford/groups/akundaje/kmualim/ABC-MAX-pipeline/data/data/191010_UKBB_SUSIE/CredibleSetsFixed/Migraine_Self/variant.list.txt	/oak/stanford/groups/akundaje/kmualim/ABC-MAX-pipeline/data/data/191010_UKBB_SUSIE/CredibleSetsFixed/Migraine_Self/all.cs.txt	PosteriorProb	PP	0.1	0.01	
Miserableness	/oak/stanford/groups/akundaje/kmualim/ABC-MAX-pipeline/data/data/191010_UKBB_SUSIE/CredibleSetsFixed/Miserableness/	/oak/stanford/groups/akundaje/kmualim/ABC-MAX-pipeline/data/data/191010_UKBB_SUSIE/CredibleSetsFixed/Miserableness/variant.list.txt	/oak/stanford/groups/akundaje/kmualim/ABC-MAX-pipeline/data/data/191010_UKBB_SUSIE/CredibleSetsFixed/Miserableness/all.cs.txt	PosteriorProb	PP	0.1	0.01	
Mono	/oak/stanford/groups/akundaje/kmualim/ABC-MAX-pipeline/data/data/191010_UKBB_SUSIE/CredibleSetsFixed/Mono/	/oak/stanford/groups/akundaje/kmualim/ABC-MAX-pipeline/data/data/191010_UKBB_SUSIE/CredibleSetsFixed/Mono/variant.list.txt	/oak/stanford/groups/akundaje/kmualim/ABC-MAX-pipeline/data/data/191010_UKBB_SUSIE/CredibleSetsFixed/Mono/all.cs.txt	PosteriorProb	PP	0.1	0.01	
Mood_Swings	/oak/stanford/groups/akundaje/kmualim/ABC-MAX-pipeline/data/data/191010_UKBB_SUSIE/CredibleSetsFixed/Mood_Swings/	/oak/stanford/groups/akundaje/kmualim/ABC-MAX-pipeline/data/data/191010_UKBB_SUSIE/CredibleSetsFixed/Mood_Swings/variant.list.txt	/oak/stanford/groups/akundaje/kmualim/ABC-MAX-pipeline/data/data/191010_UKBB_SUSIE/CredibleSetsFixed/Mood_Swings/all.cs.txt	PosteriorProb	PP	0.1	0.01	
Morning_Person	/oak/stanford/groups/akundaje/kmualim/ABC-MAX-pipeline/data/data/191010_UKBB_SUSIE/CredibleSetsFixed/Morning_Person/	/oak/stanford/groups/akundaje/kmualim/ABC-MAX-pipeline/data/data/191010_UKBB_SUSIE/CredibleSetsFixed/Morning_Person/variant.list.txt	/oak/stanford/groups/akundaje/kmualim/ABC-MAX-pipeline/data/data/191010_UKBB_SUSIE/CredibleSetsFixed/Morning_Person/all.cs.txt	PosteriorProb	PP	0.1	0.01	
Nervous_Feelings	/oak/stanford/groups/akundaje/kmualim/ABC-MAX-pipeline/data/data/191010_UKBB_SUSIE/CredibleSetsFixed/Nervous_Feelings/	/oak/stanford/groups/akundaje/kmualim/ABC-MAX-pipeline/data/data/191010_UKBB_SUSIE/CredibleSetsFixed/Nervous_Feelings/variant.list.txt	/oak/stanford/groups/akundaje/kmualim/ABC-MAX-pipeline/data/data/191010_UKBB_SUSIE/CredibleSetsFixed/Nervous_Feelings/all.cs.txt	PosteriorProb	PP	0.1	0.01	
Neuroticism	/oak/stanford/groups/akundaje/kmualim/ABC-MAX-pipeline/data/data/191010_UKBB_SUSIE/CredibleSetsFixed/Neuroticism/	/oak/stanford/groups/akundaje/kmualim/ABC-MAX-pipeline/data/data/191010_UKBB_SUSIE/CredibleSetsFixed/Neuroticism/variant.list.txt	/oak/stanford/groups/akundaje/kmualim/ABC-MAX-pipeline/data/data/191010_UKBB_SUSIE/CredibleSetsFixed/Neuroticism/all.cs.txt	PosteriorProb	PP	0.1	0.01	
Neutro	/oak/stanford/groups/akundaje/kmualim/ABC-MAX-pipeline/data/data/191010_UKBB_SUSIE/CredibleSetsFixed/Neutro/	/oak/stanford/groups/akundaje/kmualim/ABC-MAX-pipeline/data/data/191010_UKBB_SUSIE/CredibleSetsFixed/Neutro/variant.list.txt	/oak/stanford/groups/akundaje/kmualim/ABC-MAX-pipeline/data/data/191010_UKBB_SUSIE/CredibleSetsFixed/Neutro/all.cs.txt	PosteriorProb	PP	0.1	0.01	
Plt	/oak/stanford/groups/akundaje/kmualim/ABC-MAX-pipeline/data/data/191010_UKBB_SUSIE/CredibleSetsFixed/Plt/	/oak/stanford/groups/akundaje/kmualim/ABC-MAX-pipeline/data/data/191010_UKBB_SUSIE/CredibleSetsFixed/Plt/variant.list.txt	/oak/stanford/groups/akundaje/kmualim/ABC-MAX-pipeline/data/data/191010_UKBB_SUSIE/CredibleSetsFixed/Plt/all.cs.txt	PosteriorProb	PP	0.1	0.01	
PP	/oak/stanford/groups/akundaje/kmualim/ABC-MAX-pipeline/data/data/191010_UKBB_SUSIE/CredibleSetsFixed/PP/	/oak/stanford/groups/akundaje/kmualim/ABC-MAX-pipeline/data/data/191010_UKBB_SUSIE/CredibleSetsFixed/PP/variant.list.txt	/oak/stanford/groups/akundaje/kmualim/ABC-MAX-pipeline/data/data/191010_UKBB_SUSIE/CredibleSetsFixed/PP/all.cs.txt	PosteriorProb	PP	0.1	0.01	
PrC	/oak/stanford/groups/akundaje/kmualim/ABC-MAX-pipeline/data/data/191010_UKBB_SUSIE/CredibleSetsFixed/PrC/	/oak/stanford/groups/akundaje/kmualim/ABC-MAX-pipeline/data/data/191010_UKBB_SUSIE/CredibleSetsFixed/PrC/variant.list.txt	/oak/stanford/groups/akundaje/kmualim/ABC-MAX-pipeline/data/data/191010_UKBB_SUSIE/CredibleSetsFixed/PrC/all.cs.txt	PosteriorProb	PP	0.1	0.01	
RBC	/oak/stanford/groups/akundaje/kmualim/ABC-MAX-pipeline/data/data/191010_UKBB_SUSIE/CredibleSetsFixed/RBC/	/oak/stanford/groups/akundaje/kmualim/ABC-MAX-pipeline/data/data/191010_UKBB_SUSIE/CredibleSetsFixed/RBC/variant.list.txt	/oak/stanford/groups/akundaje/kmualim/ABC-MAX-pipeline/data/data/191010_UKBB_SUSIE/CredibleSetsFixed/RBC/all.cs.txt	PosteriorProb	PP	0.1	0.01	
Risk_Taking	/oak/stanford/groups/akundaje/kmualim/ABC-MAX-pipeline/data/data/191010_UKBB_SUSIE/CredibleSetsFixed/Risk_Taking/	/oak/stanford/groups/akundaje/kmualim/ABC-MAX-pipeline/data/data/191010_UKBB_SUSIE/CredibleSetsFixed/Risk_Taking/variant.list.txt	/oak/stanford/groups/akundaje/kmualim/ABC-MAX-pipeline/data/data/191010_UKBB_SUSIE/CredibleSetsFixed/Risk_Taking/all.cs.txt	PosteriorProb	PP	0.1	0.01	
SBP	/oak/stanford/groups/akundaje/kmualim/ABC-MAX-pipeline/data/data/191010_UKBB_SUSIE/CredibleSetsFixed/SBP/	/oak/stanford/groups/akundaje/kmualim/ABC-MAX-pipeline/data/data/191010_UKBB_SUSIE/CredibleSetsFixed/SBP/variant.list.txt	/oak/stanford/groups/akundaje/kmualim/ABC-MAX-pipeline/data/data/191010_UKBB_SUSIE/CredibleSetsFixed/SBP/all.cs.txt	PosteriorProb	PP	0.1	0.01	
Sensitivity	/oak/stanford/groups/akundaje/kmualim/ABC-MAX-pipeline/data/data/191010_UKBB_SUSIE/CredibleSetsFixed/Sensitivity/	/oak/stanford/groups/akundaje/kmualim/ABC-MAX-pipeline/data/data/191010_UKBB_SUSIE/CredibleSetsFixed/Sensitivity/variant.list.txt	/oak/stanford/groups/akundaje/kmualim/ABC-MAX-pipeline/data/data/191010_UKBB_SUSIE/CredibleSetsFixed/Sensitivity/all.cs.txt	PosteriorProb	PP	0.1	0.01	
SHBG	/oak/stanford/groups/akundaje/kmualim/ABC-MAX-pipeline/data/data/191010_UKBB_SUSIE/CredibleSetsFixed/SHBG/	/oak/stanford/groups/akundaje/kmualim/ABC-MAX-pipeline/data/data/191010_UKBB_SUSIE/CredibleSetsFixed/SHBG/variant.list.txt	/oak/stanford/groups/akundaje/kmualim/ABC-MAX-pipeline/data/data/191010_UKBB_SUSIE/CredibleSetsFixed/SHBG/all.cs.txt	PosteriorProb	PP	0.1	0.01	
Smoking_CPD	/oak/stanford/groups/akundaje/kmualim/ABC-MAX-pipeline/data/data/191010_UKBB_SUSIE/CredibleSetsFixed/Smoking_CPD/	/oak/stanford/groups/akundaje/kmualim/ABC-MAX-pipeline/data/data/191010_UKBB_SUSIE/CredibleSetsFixed/Smoking_CPD/variant.list.txt	/oak/stanford/groups/akundaje/kmualim/ABC-MAX-pipeline/data/data/191010_UKBB_SUSIE/CredibleSetsFixed/Smoking_CPD/all.cs.txt	PosteriorProb	PP	0.1	0.01	
Smoking_Ever_Never	/oak/stanford/groups/akundaje/kmualim/ABC-MAX-pipeline/data/data/191010_UKBB_SUSIE/CredibleSetsFixed/Smoking_Ever_Never/	/oak/stanford/groups/akundaje/kmualim/ABC-MAX-pipeline/data/data/191010_UKBB_SUSIE/CredibleSetsFixed/Smoking_Ever_Never/variant.list.txt	/oak/stanford/groups/akundaje/kmualim/ABC-MAX-pipeline/data/data/191010_UKBB_SUSIE/CredibleSetsFixed/Smoking_Ever_Never/all.cs.txt	PosteriorProb	PP	0.1	0.01	
Suffer_from_Nerves	/oak/stanford/groups/akundaje/kmualim/ABC-MAX-pipeline/data/data/191010_UKBB_SUSIE/CredibleSetsFixed/Suffer_from_Nerves/	/oak/stanford/groups/akundaje/kmualim/ABC-MAX-pipeline/data/data/191010_UKBB_SUSIE/CredibleSetsFixed/Suffer_from_Nerves/variant.list.txt	/oak/stanford/groups/akundaje/kmualim/ABC-MAX-pipeline/data/data/191010_UKBB_SUSIE/CredibleSetsFixed/Suffer_from_Nerves/all.cs.txt	PosteriorProb	PP	0.1	0.01	
T2D	/oak/stanford/groups/akundaje/kmualim/ABC-MAX-pipeline/data/data/191010_UKBB_SUSIE/CredibleSetsFixed/T2D/	/oak/stanford/groups/akundaje/kmualim/ABC-MAX-pipeline/data/data/191010_UKBB_SUSIE/CredibleSetsFixed/T2D/variant.list.txt	/oak/stanford/groups/akundaje/kmualim/ABC-MAX-pipeline/data/data/191010_UKBB_SUSIE/CredibleSetsFixed/T2D/all.cs.txt	PosteriorProb	PP	0.1	0.01	
T2D_BMI	/oak/stanford/groups/akundaje/kmualim/ABC-MAX-pipeline/data/data/191010_UKBB_SUSIE/CredibleSetsFixed/T2D_BMI/	/oak/stanford/groups/akundaje/kmualim/ABC-MAX-pipeline/data/data/191010_UKBB_SUSIE/CredibleSetsFixed/T2D_BMI/variant.list.txt	/oak/stanford/groups/akundaje/kmualim/ABC-MAX-pipeline/data/data/191010_UKBB_SUSIE/CredibleSetsFixed/T2D_BMI/all.cs.txt	PosteriorProb	PP	0.1	0.01	
TBil	/oak/stanford/groups/akundaje/kmualim/ABC-MAX-pipeline/data/data/191010_UKBB_SUSIE/CredibleSetsFixed/TBil/	/oak/stanford/groups/akundaje/kmualim/ABC-MAX-pipeline/data/data/191010_UKBB_SUSIE/CredibleSetsFixed/TBil/variant.list.txt	/oak/stanford/groups/akundaje/kmualim/ABC-MAX-pipeline/data/data/191010_UKBB_SUSIE/CredibleSetsFixed/TBil/all.cs.txt	PosteriorProb	PP	0.1	0.01	
TC	/oak/stanford/groups/akundaje/kmualim/ABC-MAX-pipeline/data/data/191010_UKBB_SUSIE/CredibleSetsFixed/TC/	/oak/stanford/groups/akundaje/kmualim/ABC-MAX-pipeline/data/data/191010_UKBB_SUSIE/CredibleSetsFixed/TC/variant.list.txt	/oak/stanford/groups/akundaje/kmualim/ABC-MAX-pipeline/data/data/191010_UKBB_SUSIE/CredibleSetsFixed/TC/all.cs.txt	PosteriorProb	PP	0.1	0.01	
Tense	/oak/stanford/groups/akundaje/kmualim/ABC-MAX-pipeline/data/data/191010_UKBB_SUSIE/CredibleSetsFixed/Tense/	/oak/stanford/groups/akundaje/kmualim/ABC-MAX-pipeline/data/data/191010_UKBB_SUSIE/CredibleSetsFixed/Tense/variant.list.txt	/oak/stanford/groups/akundaje/kmualim/ABC-MAX-pipeline/data/data/191010_UKBB_SUSIE/CredibleSetsFixed/Tense/all.cs.txt	PosteriorProb	PP	0.1	0.01	
Testosterone	/oak/stanford/groups/akundaje/kmualim/ABC-MAX-pipeline/data/data/191010_UKBB_SUSIE/CredibleSetsFixed/Testosterone/	/oak/stanford/groups/akundaje/kmualim/ABC-MAX-pipeline/data/data/191010_UKBB_SUSIE/CredibleSetsFixed/Testosterone/variant.list.txt	/oak/stanford/groups/akundaje/kmualim/ABC-MAX-pipeline/data/data/191010_UKBB_SUSIE/CredibleSetsFixed/Testosterone/all.cs.txt	PosteriorProb	PP	0.1	0.01	
TP	/oak/stanford/groups/akundaje/kmualim/ABC-MAX-pipeline/data/data/191010_UKBB_SUSIE/CredibleSetsFixed/TP/	/oak/stanford/groups/akundaje/kmualim/ABC-MAX-pipeline/data/data/191010_UKBB_SUSIE/CredibleSetsFixed/TP/variant.list.txt	/oak/stanford/groups/akundaje/kmualim/ABC-MAX-pipeline/data/data/191010_UKBB_SUSIE/CredibleSetsFixed/TP/all.cs.txt	PosteriorProb	PP	0.1	0.01	
UA	/oak/stanford/groups/akundaje/kmualim/ABC-MAX-pipeline/data/data/191010_UKBB_SUSIE/CredibleSetsFixed/UA/	/oak/stanford/groups/akundaje/kmualim/ABC-MAX-pipeline/data/data/191010_UKBB_SUSIE/CredibleSetsFixed/UA/variant.list.txt	/oak/stanford/groups/akundaje/kmualim/ABC-MAX-pipeline/data/data/191010_UKBB_SUSIE/CredibleSetsFixed/UA/all.cs.txt	PosteriorProb	PP	0.1	0.01	
Urea	/oak/stanford/groups/akundaje/kmualim/ABC-MAX-pipeline/data/data/191010_UKBB_SUSIE/CredibleSetsFixed/Urea/	/oak/stanford/groups/akundaje/kmualim/ABC-MAX-pipeline/data/data/191010_UKBB_SUSIE/CredibleSetsFixed/Urea/variant.list.txt	/oak/stanford/groups/akundaje/kmualim/ABC-MAX-pipeline/data/data/191010_UKBB_SUSIE/CredibleSetsFixed/Urea/all.cs.txt	PosteriorProb	PP	0.1	0.01	
VitD	/oak/stanford/groups/akundaje/kmualim/ABC-MAX-pipeline/data/data/191010_UKBB_SUSIE/CredibleSetsFixed/VitD/	/oak/stanford/groups/akundaje/kmualim/ABC-MAX-pipeline/data/data/191010_UKBB_SUSIE/CredibleSetsFixed/VitD/variant.list.txt	/oak/stanford/groups/akundaje/kmualim/ABC-MAX-pipeline/data/data/191010_UKBB_SUSIE/CredibleSetsFixed/VitD/all.cs.txt	PosteriorProb	PP	0.1	0.01	
WBC	/oak/stanford/groups/akundaje/kmualim/ABC-MAX-pipeline/data/data/191010_UKBB_SUSIE/CredibleSetsFixed/WBC/	/oak/stanford/groups/akundaje/kmualim/ABC-MAX-pipeline/data/data/191010_UKBB_SUSIE/CredibleSetsFixed/WBC/variant.list.txt	/oak/stanford/groups/akundaje/kmualim/ABC-MAX-pipeline/data/data/191010_UKBB_SUSIE/CredibleSetsFixed/WBC/all.cs.txt	PosteriorProb	PP	0.1	0.01	
WHRadjBMI	/oak/stanford/groups/akundaje/kmualim/ABC-MAX-pipeline/data/data/191010_UKBB_SUSIE/CredibleSetsFixed/WHRadjBMI/	/oak/stanford/groups/akundaje/kmualim/ABC-MAX-pipeline/data/data/191010_UKBB_SUSIE/CredibleSetsFixed/WHRadjBMI/variant.list.txt	/oak/stanford/groups/akundaje/kmualim/ABC-MAX-pipeline/data/data/191010_UKBB_SUSIE/CredibleSetsFixed/WHRadjBMI/all.cs.txt	PosteriorProb	PP	0.1	0.01	
Worrier	/oak/stanford/groups/akundaje/kmualim/ABC-MAX-pipeline/data/data/191010_UKBB_SUSIE/CredibleSetsFixed/Worrier/	/oak/stanford/groups/akundaje/kmualim/ABC-MAX-pipeline/data/data/191010_UKBB_SUSIE/CredibleSetsFixed/Worrier/variant.list.txt	/oak/stanford/groups/akundaje/kmualim/ABC-MAX-pipeline/data/data/191010_UKBB_SUSIE/CredibleSetsFixed/Worrier/all.cs.txt	PosteriorProb	PP	0.1	0.01	
Worry_Too_Long	/oak/stanford/groups/akundaje/kmualim/ABC-MAX-pipeline/data/data/191010_UKBB_SUSIE/CredibleSetsFixed/Worry_Too_Long/	/oak/stanford/groups/akundaje/kmualim/ABC-MAX-pipeline/data/data/191010_UKBB_SUSIE/CredibleSetsFixed/Worry_Too_Long/variant.list.txt	/oak/stanford/groups/akundaje/kmualim/ABC-MAX-pipeline/data/data/191010_UKBB_SUSIE/CredibleSetsFixed/Worry_Too_Long/all.cs.txt	PosteriorProb	PP	0.1	0.01	